game_date,start_time_et,away_team,home_team,market_implied_home_win_prob,availability_edge,availability_note,news_confirmed,rest_edge,travel_edge,net_rating_edge
2026-10-04,1:02 PM,New York Jets,Chicago Bears,,0,Confirm against official NFL injury report,no,0,0,0
2026-10-04,1:02 PM,Tennessee Titans,Baltimore Ravens,,0,Confirm against official NFL injury report,no,0,0,0
2026-10-04,1:02 PM,New England Patriots,Buffalo Bills,,0,Confirm against official NFL injury report,no,0,0,0
2026-10-04,1:02 PM,Green Bay Packers,Tampa Bay Buccaneers,,0,Confirm against official NFL injury report,no,0,0,0
2026-10-04,1:02 PM,Arizona Cardinals,New York Giants,,0,Confirm against official NFL injury report,no,0,0,0
2026-10-04,1:02 PM,Jacksonville Jaguars,Cincinnati Bengals,,0,Confirm against official NFL injury report,no,0,0,0
2026-10-04,1:02 PM,Los Angeles Rams,Philadelphia Eagles,,0,Confirm against official NFL injury report,no,0,0,0
2026-10-04,1:02 PM,Dallas Cowboys,Houston Texans,,0,Confirm against official NFL injury report,no,0,0,0
2026-10-04,4:05 PM,Miami Dolphins,Minnesota Vikings,,0,Confirm against official NFL injury report,no,0,0,0
2026-10-04,4:25 PM,Denver Broncos,San Francisco 49ers,,0,Confirm against official NFL injury report,no,0,0,0
2026-10-04,4:25 PM,Kansas City Chiefs,Las Vegas Raiders,,0,Confirm against official NFL injury report,no,0,0,0
2026-10-04,4:25 PM,Los Angeles Chargers,Seattle Seahawks,,0,Confirm against official NFL injury report,no,0,0,0
2026-10-04,8:20 PM,Detroit Lions,Carolina Panthers,,0,Confirm against official NFL injury report,no,0,0,0
